Date,Heating (kWh),Cooling (kWh),Electricity (kWh),Nat Gas (kWh),Domestic Water (m3)
10/1/2018,50505.6,4258.32,13846.41,2427.78,89.69
10/2/2018,46555.59,4193.85,12405.78,2116.67,59.86
10/3/2018,45652.81,4205.57,12586.9,2141.67,88.81
10/4/2018,45244.48,4088.34,12675,2713.89,87.13
10/5/2018,43794.48,3836.3,12510.62,2233.34,75.61
10/6/2018,32013.91,3279.47,9577.74,2122.22,44.45
10/7/2018,31500.03,3302.91,9618.95,2133.34,34.9
10/8/2018,47383.37,4185.05,11141.7,2188.89,41.55
10/9/2018,47891.7,4539.67,13106.09,2225,90.57
10/10/2018,46358.37,4574.84,12573.98,2283.34,81.75
10/11/2018,43347.26,4085.41,12601.96,2263.89,84.95
10/12/2018,40527.81,5638.69,12539.21,2311.11,85.48
10/13/2018,35436.14,3502.2,9666.23,2144.45,60.45
10/14/2018,31875.03,3458.24,9823.01,2147.22,74.5
10/15/2018,34277.81,6986.81,11766.62,2213.89,93.26
10/16/2018,36083.36,8965.04,12570.05,3011.11,94.2
10/17/2018,32275.03,9791.5,13852.13,2508.34,92.28
10/18/2018,33797.25,9577.56,13040.26,3113.89,89.8
10/19/2018,37425.03,7086.46,13549.26,2427.78,53.34
10/20/2018,25225.02,8487.34,10958.88,2161.11,21.49
10/21/2018,27941.69,4478.13,10903.14,2244.45,13.7
10/22/2018,38600.03,5618.17,13334.48,2313.89,70.07
10/23/2018,36016.7,8425.79,12690.09,2841.67,80.22
10/24/2018,34869.47,8314.43,12863.98,2430.56,66.79
10/25/2018,36800.03,7948.09,12482.71,2350,75.45
10/26/2018,36622.25,7235.92,12424.76,2369.45,76.3
10/27/2018,28191.69,4522.09,9727.59,2088.89,57.22
10/28/2018,28050.02,4466.4,9762.09,2238.89,48.84
10/29/2018,37555.59,4624.66,12604.27,2366.67,80.19
10/30/2018,39052.81,4457.61,12533.34,2383.34,75.35
10/31/2018,38313.92,4589.49,12552.13,2436.11,77.94
11/1/2018,41186.14,4668.62,12358.01,2327.78,70.55
11/2/2018,42166.7,4771.2,12248.63,2219.45,72.22
11/3/2018,29133.36,4023.87,9562.22,2097.22,56.14
11/4/2018,30236.14,4580.7,9693.6,2155.56,52.23
11/5/2018,48002.82,5169.77,12511.85,2208.34,78.93
11/6/2018,50775.04,5574.21,12072.1,2269.45,84.52
11/7/2018,49822.26,5486.29,12205.07,2272.22,87.39
11/8/2018,45780.59,5354.41,12127.17,2269.45,91.55
11/9/2018,46019.48,4574.84,11847.05,2216.67,75.47
11/10/2018,34522.25,3824.58,8898.71,2130.56,55.63
11/11/2018,37425.03,3974.04,8701.02,2055.56,46.94
11/12/2018,46991.7,4557.26,10512.66,2305.56,45.31
11/13/2018,40394.48,4530.88,11878.01,2238.89,56.29
11/14/2018,40038.92,4050.24,12003.39,2247.22,54.54
11/15/2018,41777.81,3036.22,11724.97,2177.78,72.6
11/16/2018,46908.37,3405.49,10978.32,2213.89,81.18
11/17/2018,34275.03,3091.9,8610.94,2191.67,62.95
11/18/2018,30405.58,2602.47,8512.86,2061.11,64.41
11/19/2018,39155.59,3124.14,11775.12,2113.89,92.7
11/20/2018,38686.14,3701.49,11907.82,2238.89,96.84
11/21/2018,39197.25,2921.92,11906.65,2297.22,95.98
11/22/2018,38302.81,3502.2,11921.22,2477.78,95.01
11/23/2018,44933.37,2992.26,11816.73,2116.67,85.97
11/24/2018,36330.58,2889.68,8928.47,2025,66.37
11/25/2018,34105.58,3045.01,8959.69,2088.89,63.7
11/26/2018,37230.59,2918.99,11970.96,2100,93.52
11/27/2018,30552.8,3112.41,11993.13,2200,96.65
11/28/2018,29930.58,3402.56,12005.73,2233.34,96.96
11/29/2018,37547.25,3701.49,11872.15,2322.22,98.65
11/30/2018,38175.03,3815.79,11796.4,2222.22,98.78
12/1/2018,33400.03,3302.91,9102.05,2100,72.39
12/2/2018,31433.36,3651.67,8926.4,2047.22,65.72
12/3/2018,36977.81,4223.15,11905.31,2172.22,88.45
12/4/2018,39533.36,4223.15,11941.6,2200,86.66
12/5/2018,41463.92,4580.7,11983.98,2180.56,93.5
12/6/2018,41577.81,4510.36,12117.75,2369.45,86.82
12/7/2018,40519.48,4314.01,11987.36,2205.56,88.31
12/8/2018,32261.14,3663.39,9374.56,2166.67,74.8
12/9/2018,31650.03,3329.29,9044.62,2155.56,69.72
12/10/2018,33572.25,3669.25,12089.76,2227.78,90.54
12/11/2018,43580.59,3921.29,12058.51,2194.45,89.24
12/12/2018,43241.7,3842.16,12171.52,2161.11,86.56
12/13/2018,42025.03,3792.34,12082.02,2202.78,88.98
12/14/2018,33877.8,3607.7,12217.97,2241.67,82.75
12/15/2018,34077.81,3305.84,10873.62,2144.45,69.3
12/16/2018,34669.47,3387.9,9555.12,2127.78,59.93
12/17/2018,35402.81,3549.09,12366.94,2191.67,75
12/18/2018,34177.81,3642.87,11930.87,1750,63.12
12/19/2018,32438.91,3648.73,12026.45,141.67,78.51
12/20/2018,34275.03,3601.84,11997.32,480.56,57.18
12/21/2018,34400.03,3897.85,11455.7,625,54.7
12/22/2018,33272.25,3678.04,8611.03,211.11,31.81
12/23/2018,41994.48,4393.14,9918.41,122.22,22.76
12/24/2018,43936.15,4829.81,10022.65,130.56,19.61
12/25/2018,39741.7,4692.07,9880.49,130.56,19.7
12/26/2018,39327.81,4944.11,9841.51,127.78,22.72
12/27/2018,40138.92,4873.77,9912.5,122.22,34.26
12/28/2018,40725.03,4431.23,10134.58,125,35.67
12/29/2018,40144.48,3830.44,9943.04,113.89,39.32
12/30/2018,41725.03,4211.43,9889.15,133.33,38.31
12/31/2018,44430.59,5023.24,10102.15,175,37.64
1/1/2019,35480.58,3918.36,10089.52,144.44,38.97
1/2/2019,32897.25,3461.17,11217.25,116.67,56.27
1/3/2019,30469.47,3613.57,11519.49,119.44,53.84
1/4/2019,31350.03,3680.97,11382.97,125,45.38
1/5/2019,31252.8,3698.56,8820.18,452.78,35.84
1/6/2019,29102.8,3578.4,8663.57,125,41.27
1/7/2019,40938.92,4577.77,11591.5,150,64.98
1/8/2019,43480.59,4777.06,11627.96,172.22,71.17
1/9/2019,43077.81,4835.67,11461.67,144.44,72.05
1/10/2019,39544.48,3982.84,11939.5,200,78.79
1/11/2019,42305.59,3370.32,11531.31,430.56,76.98
1/12/2019,25691.69,3176.89,8612.22,686.11,52.84
1/13/2019,29416.69,3030.35,8615.13,152.78,62.61
1/14/2019,35088.92,3464.1,11604.58,175,89.22
1/15/2019,41825.03,3701.49,11712.52,625,90.35
1/16/2019,40747.25,3839.23,11801.2,186.11,86.22
1/17/2019,48541.71,4797.57,12269.31,255.56,87.93
1/18/2019,52827.82,5524.39,13059.21,344.44,82.24
1/19/2019,38672.25,3830.44,9346.93,400,69.25
1/20/2019,34461.14,3021.56,8523.93,177.78,63.77
1/21/2019,41052.81,2942.43,11781.78,277.78,102.75
1/22/2019,41580.59,1975.3,11973.49,200,91.35
1/23/2019,47527.82,1040.4,11969.74,555.56,90.37
1/24/2019,48916.71,504.08,13015.76,316.67,84.96
1/25/2019,41416.7,196.36,12045.26,152.78,76.05
1/26/2019,37280.59,38.1,9314.62,319.44,65.33
1/27/2019,34730.58,5.86,8844.61,138.89,62.38
1/28/2019,41116.7,0,11432.56,294.44,85.34
1/29/2019,43633.37,2.93,11397.25,213.89,83.87
1/30/2019,34519.47,5.86,11287.1,175,81.21
1/31/2019,37488.92,0,11011.84,163.89,83.3
2/1/2019,47625.04,0,11755.5,241.67,79.27
2/2/2019,54422.27,2.93,11646.08,316.67,65.77
2/3/2019,55080.6,41.03,10285.32,391.67,62.03
2/4/2019,54336.15,190.5,12598.89,1413.89,78.25
2/5/2019,55041.71,372.2,13248.35,2616.67,83.67
2/6/2019,56161.16,524.6,13395.46,2491.67,79.87
2/7/2019,53786.15,465.98,12986,2525,82.36
2/8/2019,54233.38,38.1,12545.17,2550,81.8
2/9/2019,55988.93,32.24,11694.73,2600,62.36
2/10/2019,54397.27,5.86,11462.81,2597.22,65.52
2/11/2019,53991.71,49.82,13104.66,2561.11,91.99
2/12/2019,55216.71,64.48,13051.83,1561.11,101.3
2/13/2019,55388.93,5.86,13203.59,361.11,85.49
2/14/2019,54891.71,296,13175.26,394.44,87.99
2/15/2019,54825.04,8.79,12954.39,1544.45,81.86
2/16/2019,54927.82,331.17,11677.46,3852.78,56.63
2/17/2019,55452.82,422.02,11653.93,5305.56,47.05
2/18/2019,53288.93,82.06,11756.54,4283.34,49.57
2/19/2019,41491.7,196.36,11419.89,2302.78,59.6
2/20/2019,43169.48,23.45,11410.47,2330.56,64.42
2/21/2019,50961.15,0,12515.92,2466.67,62.47
2/22/2019,49583.37,111.37,11668.81,2302.78,68.2
2/23/2019,53416.71,0,10750.89,3944.45,59.65
2/24/2019,55538.93,0,11877.62,5500,53.25
2/25/2019,56630.6,0,13370.29,4116.67,87.33
2/26/2019,54980.6,0,13467.44,2475,89.23
2/27/2019,52961.15,38.1,13056.3,2388.89,84.74
2/28/2019,51947.26,0,11947.97,2397.22,85.2
3/1/2019,55652.82,0,12738.08,3286.11,79.54
3/2/2019,57569.49,0,12338.25,3888.89,66.53
3/3/2019,54927.82,0,11562.67,3030.56,69.13
3/4/2019,53308.38,0,13037.47,2513.89,88.11
3/5/2019,50536.15,32.24,13204.08,2455.56,88.6
3/6/2019,53094.49,0,13218.38,2608.34,80.39
3/7/2019,49919.48,0,12979.8,3805.56,80.55
3/8/2019,49033.37,0,11611.48,2741.67,78.54
3/9/2019,50450.04,0,9602.39,4036.11,59.59
3/10/2019,44316.7,172.91,9261.2,4238.89,52.39
3/11/2019,42219.48,386.85,11590.84,2858.34,87.49
3/12/2019,46030.59,64.48,12041.24,2122.22,81.95
3/13/2019,47363.93,0,15607.15,375,78.1
3/14/2019,48630.59,0,32401.63,575,82.68
3/15/2019,45002.81,2.93,31404.68,336.11,78.9
3/16/2019,45177.81,199.29,27911.28,683.33,55.97
3/17/2019,42094.48,357.55,27238.11,772.22,60.83
3/18/2019,40852.81,369.27,30945.66,1297.22,85.91
3/19/2019,37850.03,416.16,31373.51,672.22,85.59
3/20/2019,36511.14,504.08,36296.2,844.45,88.32
3/21/2019,37038.92,237.39,30891.14,347.22,85.83
3/22/2019,37041.7,249.11,30485.35,1266.67,72.77
3/23/2019,38025.03,105.51,26653.77,597.22,55.37
3/24/2019,42041.7,0,26619.3,2008.33,52.64
3/25/2019,41477.81,0,30500.82,158.33,68.21
3/26/2019,40244.48,2.93,30789.77,755.56,74.3
3/27/2019,42580.59,0,31187.76,875,77.32
3/28/2019,42863.92,0,30965.86,525,74.19
3/29/2019,42313.92,84.99,30494.3,788.89,69.33
3/30/2019,38247.25,360.48,26683.6,713.89,44.94
3/31/2019,39161.14,278.42,26340.86,1019.45,44.01
4/1/2019,41294.48,26.38,29655.84,158.33,75.57
4/2/2019,40650.03,74.74,30071.74,133.33,73.15
4/3/2019,40055.59,123.09,30713.33,136.11,79.11
4/4/2019,37394.47,272.56,30721.53,388.89,78.47
4/5/2019,39100.03,8.79,30107.59,1247.22,74.94
4/6/2019,36147.25,260.83,26501.9,1277.78,57.88
4/7/2019,36702.81,316.52,26272.58,1525,56.11
4/8/2019,37422.25,23.45,30047.73,780.56,72.57
4/9/2019,38769.48,96.71,29974.87,133.33,75.1
4/10/2019,38463.92,35.17,30070.86,133.33,81.07
4/11/2019,42202.81,77.67,30477.87,813.89,83.03
4/12/2019,41294.48,77.67,29655.19,1802.78,72.53
4/13/2019,35222.25,398.58,26002.54,1525,63.86
4/14/2019,28250.02,518.74,25814.92,1655.56,54.88
4/15/2019,31150.02,90.85,29827.28,1702.78,76.95
4/16/2019,32838.92,175.84,29885.24,930.56,69.56
4/17/2019,31316.69,193.43,29954.26,947.22,75.94
4/18/2019,28352.8,562.7,29421.26,1022.22,71.81
4/19/2019,29275.02,586.14,27494.34,5483.34,44.73
4/20/2019,28858.36,316.52,25766.87,6163.89,45.06
4/21/2019,28994.47,325.31,25451.43,6419.45,43.44
4/22/2019,28336.13,319.45,29543.51,2350,57.31
4/23/2019,29450.02,58.61,29751.23,1736.11,66.9
4/24/2019,29208.36,140.67,29726.01,2769.45,65.18
4/25/2019,31169.47,222.73,29383.45,2725,68.76
4/26/2019,30319.47,155.33,29490.2,2761.11,62.99
4/27/2019,29052.8,14.65,25951.89,5769.45,44.38
4/28/2019,29275.02,29.31,24717.3,8005.56,31.86
4/29/2019,31250.03,2.93,28577.39,5094.45,22.6
4/30/2019,33727.8,45.43,28995.05,5177.78,23.74
5/1/2019,37469.47,87.92,27695.21,4302.78,28.37
5/2/2019,32338.91,43.96,27410.86,5877.78,30.17
5/3/2019,30355.58,234.46,27237.77,6102.78,21.92
5/4/2019,39336.14,2057.36,23940.79,5230.56,40.75
5/5/2019,41636.14,2904.33,23659.34,5736.12,61.69
5/6/2019,31938.91,3206.2,27373.57,5025,63.89
5/7/2019,24636.13,3056.73,27638.39,5019.45,51.08
5/8/2019,24650.02,3581.33,27614.14,3494.45,36.08
5/9/2019,22100.02,3587.19,26466.53,2166.67,54.91
5/10/2019,23688.91,3886.12,27070.64,947.22,22.58
5/11/2019,18341.68,4495.71,23425.33,641.67,14.91
5/12/2019,17675.01,4293.49,23283.03,258.33,16.66
5/13/2019,22041.68,4261.25,27890.53,463.89,26.14
5/14/2019,24230.57,14105.51,28783.12,388.89,22.41
5/15/2019,28336.13,9372.41,29175.14,750,21.42
5/16/2019,22433.35,5272.35,28921.05,1197.22,20.17
5/17/2019,24583.35,4656.9,28293.48,1366.67,15.09
5/18/2019,24119.46,3774.76,24783.37,1347.22,18.33
5/19/2019,26491.69,3968.18,24245.95,1847.22,18.76
5/20/2019,27138.91,4527.95,26420.98,1852.78,17.66
5/21/2019,23694.46,4571.91,28737.29,1480.56,19.85
5/22/2019,26377.8,9779.78,28207.37,1527.78,19.06
5/23/2019,26000.02,11848.86,27920.67,325,14.91
5/24/2019,27772.24,9703.58,28395.48,533.33,17.02
5/25/2019,21891.68,4996.86,25285.27,727.78,15.27
5/26/2019,25188.91,9105.72,24271.18,1033.33,16.98
5/27/2019,25780.58,12021.78,28034.99,519.44,28.3
5/28/2019,25011.13,12300.19,27807.6,194.44,20.78
5/29/2019,24161.13,16101.32,28009.17,772.22,16.77
5/30/2019,25855.58,15459.5,28136.12,758.33,16.23
5/31/2019,26905.58,12584.47,27864.96,988.89,13.26
6/1/2019,21236.13,11611.48,20788.99,894.45,15.8
6/2/2019,19336.13,10650.2,20781.92,644.44,15.96
6/3/2019,23205.57,14577.36,26386.26,736.11,21.16
6/4/2019,25738.91,14926.11,27305.11,475,27.66
6/5/2019,22841.68,14102.58,27251.02,72.22,37.3
6/6/2019,26763.91,10286.79,27665.88,1022.22,17.83
6/7/2019,23908.35,6221.9,27578.36,66.67,16.1
6/8/2019,25252.8,5656.27,24466.47,1755.56,14.37
6/9/2019,24516.69,7783.97,23731.61,66.67,18.58
6/10/2019,25558.35,10925.69,27442.35,636.11,26.37
6/11/2019,23769.46,13369.9,27393.3,747.22,19.23
6/12/2019,23977.8,16274.24,27618.98,722.22,30.72
6/13/2019,24152.8,16737.29,27460.21,122.22,27.3
6/14/2019,27777.8,11479.59,27862.36,586.11,26.87
6/15/2019,24858.35,10228.18,24757.43,597.22,14.97
6/16/2019,19613.9,11523.55,24124.05,555.56,15.02
6/17/2019,15713.9,15556.21,27975.85,11.11,39.55
6/18/2019,15652.79,14846.98,27799.46,11.11,54.2
6/19/2019,14830.57,7537.79,28037.18,47.22,48.1
6/20/2019,14563.9,6154.49,27883.82,177.78,45.42
6/21/2019,12850.01,6649.78,27600.88,41.67,42.04
6/22/2019,12927.79,9331.38,23433.78,319.44,46.05
6/23/2019,12444.45,8786.27,23473.84,1161.11,42.96
6/24/2019,15758.35,9844.26,26971.7,116.67,42.61
6/25/2019,16716.68,10075.78,27255.46,188.89,48.58
6/26/2019,16691.68,11599.75,27167.8,13.89,36.87
6/27/2019,16827.79,8973.84,27422.02,19.44,34.43
6/28/2019,15000.01,8953.32,25550.6,25,39.44
6/29/2019,13669.46,6327.4,21870.09,11.11,38.62
6/30/2019,13344.46,6676.16,21615.04,11.11,27.2
7/1/2019,14300.01,8663.9,23848.45,11.11,21.41
7/2/2019,14861.12,7294.45,26326.81,25,43.83
7/3/2019,13063.9,8194.45,27144,13.89,52.58
7/4/2019,7388.89,5833.34,28415.93,19.44,43.01
7/5/2019,9258.34,6077.78,27864.19,72.22,39.49
7/6/2019,10241.67,6166.67,24271.96,252.78,41.7
7/7/2019,9683.34,5622.23,23729.53,13.89,33.72
7/8/2019,10341.67,8311.12,27835.12,69.44,57.63
7/9/2019,10125.01,10352.79,27134.55,11.11,58.34
7/10/2019,9763.9,13091.68,27646.88,8.33,44.75
7/11/2019,9466.67,13641.68,26847.93,11.11,54.07
7/12/2019,9036.12,11211.12,26307.85,80.56,57.24
7/13/2019,7752.78,7452.78,22568.85,8.33,39.6
7/14/2019,8133.34,7208.34,22488.45,11.11,41.08
7/15/2019,9600.01,9833.34,26739.52,11.11,51.65
7/16/2019,10733.34,8713.9,27440.96,8.33,51.05
7/17/2019,9736.12,10038.9,27710.65,13.89,53.54
7/18/2019,6705.56,8430.56,27654.52,8.33,55.04
7/19/2019,,8822.23,26994.19,16.67,53.97
7/20/2019,,5516.67,23301.89,13.89,35.03
7/21/2019,,7172.23,22666.34,13.89,24.45
7/22/2019,,11313.9,26625.54,8.33,44.77
7/23/2019,,14816.68,26958.37,5.56,48.38
7/24/2019,,12936.12,26907.79,44.44,59.04
7/25/2019,,15477.79,26882.57,5.56,64.03
7/26/2019,,15644.46,26648.74,8.33,65.77
7/27/2019,,10394.45,22698.07,8.33,55.31
7/28/2019,,9500.01,22409.64,25,52.58
7/29/2019,,12763.9,26463.24,30.56,58.98
7/30/2019,,14011.12,26682.74,41.67,69.73
7/31/2019,,13655.57,26682.28,11.11,64.43
8/1/2019,,13605.57,25677.68,8.33,61.55
8/2/2019,,14144.46,26434.81,8.33,63.1
8/3/2019,,10005.56,22928.23,44.44,48.24
8/4/2019,,9163.9,22671.06,11.11,51.21
8/5/2019,,12202.79,24480.51,8.33,51.3
8/6/2019,,11333.34,27048.72,125,61.32
8/7/2019,6155.56,12650.01,27532.22,13.89,61.64
8/8/2019,4283.34,12319.45,27222.97,13.89,64.49
8/9/2019,6369.45,11311.12,28428.58,16.67,62.62
8/10/2019,6363.89,7286.12,25664.77,13.89,45.38
8/11/2019,6230.56,6372.23,25642.58,13.89,48.88
8/12/2019,7011.12,11183.34,29433.33,19.44,61.36
8/13/2019,6425.01,12113.9,28779.66,19.44,67.46
8/14/2019,6319.45,14519.46,29396.91,22.22,68.91
8/15/2019,6175,13080.57,29199.07,19.44,66.09
8/16/2019,7569.45,7697.23,29256.09,16.67,63.28
8/17/2019,6291.67,7255.56,25251.11,22.22,48.97
8/18/2019,5105.56,10263.9,25130.08,13.89,50
8/19/2019,6708.34,10858.34,29145.46,16.67,52.37
8/20/2019,5666.67,13813.9,29418.89,16.67,62.99
8/21/2019,5086.12,15747.23,29482.69,8.33,70.46
8/22/2019,5969.45,12277.79,29536.6,19.44,59.64
8/23/2019,5863.89,14583.35,29147.71,38.89,56.57
8/24/2019,5291.67,9144.45,24833.79,5.56,49.25
8/25/2019,6916.67,7794.45,24673.4,8.33,47.16
8/26/2019,7636.12,10161.12,28663.58,13.89,72.63
8/27/2019,6869.45,12527.79,29394.57,8.33,67.87
8/28/2019,5950,14672.23,29454.25,8.33,69.29
8/29/2019,6486.12,12327.79,28558.36,8.33,79.06
8/30/2019,7125.01,10752.79,27595.75,8.33,153.8
8/31/2019,6302.78,5394.45,23873.88,8.33,149.78
9/1/2019,6388.89,5044.45,23019.59,11.11,59.41
9/2/2019,6880.56,11550.01,25195.19,11.11,71.81
9/3/2019,6533.34,13136.12,28353.58,8.33,86.22
9/4/2019,6180.56,14422.23,29276.32,13.89,80.78
9/5/2019,6619.45,14866.68,29365.12,13.89,93.35
9/6/2019,7316.67,11097.23,29620.99,16.67,90.15
9/7/2019,5316.67,8444.45,24453.96,13.89,81.37
9/8/2019,5072.23,6116.67,24338.58,11.11,78.94
9/9/2019,8977.78,6113.89,29671.34,16.67,93.01
9/10/2019,10763.9,5000,29071.48,27.78,90.95
9/11/2019,10144.45,6833.34,29528.7,25,88.38
9/12/2019,9086.12,11336.12,30099.07,25,94.44
9/13/2019,9638.9,10458.34,29976.82,16.67,90.76
9/14/2019,9641.67,6580.56,25001.89,16.67,76.52
9/15/2019,8547.23,7805.56,24760.57,13.89,70.16
9/16/2019,9972.23,12638.9,30064.39,13.89,91.55
9/17/2019,11041.68,10380.56,30905.95,16.67,91.29
9/18/2019,6716.67,9297.23,31347.31,27.78,83.15
9/19/2019,6183.34,7100.01,30900.17,22.22,84.66
9/20/2019,10747.23,7169.45,31209.1,22.22,91.83
9/21/2019,7641.67,6475.01,26237.21,16.67,75.18
9/22/2019,6441.67,9325.01,25926.69,16.67,80.85
9/23/2019,7863.9,8700.01,30144.58,19.44,83.48
9/24/2019,9866.67,9277.79,30363.89,16.67,85.02
9/25/2019,10497.23,10316.67,31273.07,19.44,99.9
9/26/2019,12419.45,5333.34,31510.03,175,95.36
9/27/2019,15013.9,4661.11,30983.25,38.89,104.38
9/28/2019,15686.12,1794.45,26733.98,41.67,85.59
9/29/2019,16211.12,1794.45,26624.38,711.11,81.97
9/30/2019,17338.9,4375,31433.48,602.78,87.22
10/1/2019,16788.9,3812.85,31114.17,122.22,101.71
10/2/2019,14725.01,3944.74,31134.07,41.67,109.93
10/3/2019,13913.9,3903.71,31510.42,38.89,102.99
10/4/2019,13383.34,5934.69,31186.1,55.56,71.88
10/5/2019,11383.34,4126.44,26689.61,38.89,42.26
10/6/2019,10175.01,6778.73,26116.87,33.33,46.01
10/7/2019,10736.12,10761.57,31363.86,30.56,47.86
10/8/2019,18100.01,4126.44,30647.55,94.44,59.34
10/9/2019,19347.24,3645.8,32222.02,230.56,177.51
10/10/2019,18677.79,3859.75,31939.44,2416.67,275.6
10/11/2019,16752.79,3689.76,31111.65,6108.34,280.08
10/12/2019,13561.12,3452.38,26768.94,5625,240.97
10/13/2019,12700.01,2344.57,26726.07,5350,231.77
10/14/2019,15491.68,4026.8,29172.55,5341.67,237.13
10/15/2019,15272.23,3976.97,32101.46,3638.89,291.42
10/16/2019,10863.9,8147.38,31794.28,1280.56,285.52
10/17/2019,11902.79,6192.59,32184.37,697.22,304.81
10/18/2019,13286.12,4393.14,31685.76,52.78,251.14
10/19/2019,12775.01,2110.11,27045.68,3036.11,129.12
10/20/2019,13791.68,2244.92,27013.47,4013.89,129.61
10/21/2019,14088.9,4117.65,31757.63,2966.67,156.68
10/22/2019,13747.23,4642.25,31857.33,2327.78,157.67
10/23/2019,14680.57,3845.09,31626.24,3150,158.09
10/24/2019,12461.12,7587.61,31891.29,2855.56,116.69
10/25/2019,12155.57,7341.43,31322.23,3936.11,93.97
10/26/2019,15450.01,2092.53,27294.68,5602.78,140.94
10/27/2019,15622.23,2221.48,27041.07,5622.23,130.13
10/28/2019,20644.46,3546.16,32146.36,4916.67,158.91
10/29/2019,21716.68,4240.74,32782.01,4888.89,172
10/30/2019,16558.35,2927.78,32057.51,4730.56,178.2
10/31/2019,15572.23,3314.63,32558.43,4369.45,162.33
11/1/2019,15461.12,3209.13,31992.85,3577.78,163.84
11/2/2019,12438.9,2288.89,28064.77,3350,144.13
11/3/2019,14377.79,2394.39,29087.51,5666.67,139.57
11/4/2019,16022.24,3106.55,32540.7,2402.78,165.16
11/5/2019,18683.35,3194.47,31719.91,1822.22,180.34
11/6/2019,21052.79,3212.06,32828.31,3938.89,173.11
11/7/2019,16727.79,2918.99,33123.24,2500,172.31
11/8/2019,12569.45,4897.22,33251.78,3447.22,156.54
11/9/2019,17661.13,2285.95,28724.06,6605.56,111.44
11/10/2019,22400.02,2825.21,29045.06,8894.45,107.62
11/11/2019,21027.79,4255.39,31816.42,6172.23,105.39
11/12/2019,14236.12,3162.24,31517.35,2738.89,118.14
11/13/2019,14488.9,3317.56,32157.15,1847.22,248.89
11/14/2019,15150.01,3080.18,31868.79,1505.56,132.38
11/15/2019,13786.12,2962.95,31705.01,858.33,122.8
11/16/2019,13694.46,2136.49,27818.46,2466.67,104.7
11/17/2019,10983.34,5037.89,27609.25,2930.56,109.61
11/18/2019,13902.79,3091.9,32379.3,2113.89,150.67
11/19/2019,16541.68,2983.46,32970.02,1644.45,138.61
11/20/2019,18430.57,3194.47,33183.35,1686.11,148.55
11/21/2019,16616.68,3141.72,33175.19,908.33,151.48
11/22/2019,13950.01,2822.27,32750.94,77.78,143.88
11/23/2019,11041.68,2236.13,28453.03,1483.33,121.06
11/24/2019,12736.12,1846.35,28367.5,1819.45,114.3
11/25/2019,16777.79,3039.15,32840.77,969.45,153.53
11/26/2019,19438.9,3282.4,32954,1236.11,150.2
11/27/2019,24863.91,3745.45,33111.75,2138.89,149.29
11/28/2019,27769.47,4738.96,35008.24,2175,162.11
11/29/2019,29388.91,4856.19,34273.99,2286.11,135.52
11/30/2019,27219.47,3722,28984.64,2688.89,112.56
12/1/2019,16577.79,2145.28,25783.03,2508.34,104.49
12/2/2019,15669.46,3173.96,31529,1094.45,153.67
12/3/2019,14113.9,3528.58,30808.02,527.78,133.78
12/4/2019,18066.68,3906.64,32354.94,2677.78,151.43
12/5/2019,20952.79,3845.09,32887.09,2550,155.98
12/6/2019,20211.13,4223.15,32851.58,1713.89,150.85
12/7/2019,19263.9,2133.56,28175.26,2388.89,130.49
12/8/2019,22638.91,2622.99,27889.86,1866.67,131.34
12/9/2019,20133.35,3894.91,32132.84,2591.67,147.54
12/10/2019,19763.9,3836.3,32339.36,2475,144.81
12/11/2019,21183.35,4196.78,32446.75,2713.89,162.35
12/12/2019,20858.35,4117.65,32432.39,2930.56,145.91
12/13/2019,24122.24,4278.84,32137.9,3230.56,135.61
12/14/2019,19700.02,2558.51,28098.9,3488.89,120.7
12/15/2019,21508.35,2576.09,27729.38,2972.22,117.97
12/16/2019,18933.35,3938.88,31886.18,2000,147.24
12/17/2019,14763.9,3584.26,31795.98,877.78,42.74
12/18/2019,15425.01,3701.49,31282.92,608.33,6.59
12/19/2019,16211.12,3642.87,31611.49,538.89,3.93
12/20/2019,16691.68,3619.43,30711.86,916.67,1.44
12/21/2019,15502.79,2268.37,27141.36,100,1.11
12/22/2019,16638.9,2285.95,27104.02,88.89,1.56
12/23/2019,17666.68,3856.82,29119.61,1694.45,0.6
12/24/2019,22197.24,4211.43,28971.39,2533.34,0.9
12/25/2019,21722.24,4396.07,28536.49,2566.67,0.55
12/26/2019,21488.91,4261.25,28506.88,2433.34,0.53
12/27/2019,18672.24,3510.99,28592.7,1919.45,1.04
12/28/2019,21422.24,3953.53,28714.7,3194.45,0.99
12/29/2019,18113.9,3733.73,28337.02,1658.33,0.98
12/30/2019,17627.79,3698.56,29190.98,1069.45,0.8
12/31/2019,15719.46,3481.68,29289.99,513.89,1.45
1/1/2020,17161.12,3637.01,29241.03,88.89,0.65
1/2/2020,19008.35,3757.17,31727.77,1613.89,1.18
1/3/2020,17377.79,3672.18,31380.76,1611.11,1.16
1/4/2020,14394.46,2227.34,27133.27,2169.45,1.17
1/5/2020,15972.24,2253.72,27046.04,2186.11,2.85
1/6/2020,19552.79,3836.3,31309.19,1772.22,3.14
1/7/2020,20783.35,4343.31,31309.67,1633.33,1.63
1/8/2020,21638.91,4469.33,31070.69,1788.89,2.73
1/9/2020,25494.46,5111.16,33212.72,3102.78,3.3
1/10/2020,27133.36,5782.29,33530.99,4166.67,1.71
1/11/2020,30952.8,6092.95,31187.04,5247.23,6.29
1/12/2020,35813.92,7030.77,31699.78,6386.12,5.32
1/13/2020,37438.92,6957.51,35386.64,5400,11.59
1/14/2020,39819.48,6728.91,35958.05,6783.34,13.33
1/15/2020,40294.48,6878.38,35767.48,5075,9.9
1/16/2020,39788.92,6816.83,35927.55,3736.11,18.13
1/17/2020,37408.36,6318.61,35105.84,3780.56,9.8
1/18/2020,37558.36,6391.88,32713.55,5677.78,9
1/19/2020,23930.57,3918.36,29380.16,4025,11.89
1/20/2020,15602.79,4032.66,32792.07,666.67,10.53
1/21/2020,16247.24,3856.82,33032.27,113.89,12.14
1/22/2020,16352.79,3792.34,32550.38,213.89,14.59
1/23/2020,16688.9,3801.13,32870.54,238.89,23.32
1/24/2020,14761.12,4510.36,31856.03,444.44,33.59
1/25/2020,14011.12,2335.78,26837.1,338.89,24.18
1/26/2020,16405.57,2280.09,26321.08,280.56,26.17
1/27/2020,15397.23,3979.91,31768.15,1183.33,19.32
1/28/2020,16269.46,1705.67,31909.87,1408.33,21.4
1/29/2020,16894.46,1277.79,32014.39,1694.45,30.54
1/30/2020,14708.35,852.84,31705.42,1225,22.06
1/31/2020,13636.12,808.88,31185.3,772.22,15.53
2/1/2020,12688.9,483.57,26700.07,833.33,17.19
2/2/2020,17719.46,486.5,26718.72,380.56,18.59
2/3/2020,21013.91,926.1,31393.22,1486.11,20.61
2/4/2020,21936.13,1134.19,32861.3,1727.78,19.8
2/5/2020,15758.35,814.74,31029.56,1991.67,17.07
2/6/2020,16161.12,838.18,31233.65,1708.33,25.53
2/7/2020,17830.57,879.21,31226.23,1400,18.17
2/8/2020,18480.57,504.08,26848.74,1213.89,23.69
2/9/2020,17452.79,501.15,26170.57,933.33,19.43
2/10/2020,19069.46,835.25,31364.76,694.45,22.95
2/11/2020,17172.24,855.77,31630.23,425,23.41
2/12/2020,22883.35,987.65,32077.86,1402.78,20.15
2/13/2020,19841.68,890.94,31817.82,1863.89,25.21
2/14/2020,19833.35,882.14,31167.68,972.22,20.33
2/15/2020,19327.79,498.22,26912.76,1947.22,16.02
2/16/2020,19158.35,521.67,26560.61,2975,16.92
2/17/2020,26488.91,1052.13,29118.07,2361.11,15.78
2/18/2020,28633.36,1380.36,32550.87,1372.22,15.24
2/19/2020,23397.24,1163.49,32060.8,1063.89,11.26
2/20/2020,18008.35,1014.03,30779.74,1550,12.84
2/21/2020,16430.57,852.84,30594.95,1508.33,13.65
2/22/2020,16102.79,512.87,26908.16,1863.89,16.43
2/23/2020,18077.79,524.6,26559.96,2358.34,18.9
2/24/2020,19786.13,937.83,31870.12,1463.89,16.96
2/25/2020,19816.68,902.66,32081.86,1066.67,20.41
2/26/2020,16408.35,870.42,31884.35,377.78,15.78
2/27/2020,14958.35,1298.3,32256.01,33.33,22.89
2/28/2020,14586.12,1573.79,31489.18,347.22,11.94
2/29/2020,13650.01,489.43,25761.97,1486.11,13.85
3/1/2020,14752.79,512.87,25218.23,1333.33,17.4
3/2/2020,14027.79,858.7,29667.58,130.56,22.01
3/3/2020,14819.46,873.35,30021.53,25,17.3
3/4/2020,17872.24,934.9,28995.69,33.33,17.53
3/5/2020,17875.01,926.1,29937.87,383.33,20.44
3/6/2020,18844.46,879.21,29560.74,52.78,18.83
3/7/2020,22827.8,512.87,25264.67,716.67,19.22
3/8/2020,28327.8,943.69,24265.5,141.67,18.06
3/9/2020,28241.69,911.45,28278.72,113.89,29.94
3/10/2020,18905.57,861.63,28892.69,69.44,28.14
3/11/2020,18680.57,855.77,29195.98,19.44,26
3/12/2020,20594.46,858.7,28919.79,205.56,26.76
3/13/2020,32916.69,1116.6,28089.47,163.89,14.93
3/14/2020,35797.25,1468.29,27655.7,408.33,18.15
3/15/2020,31497.25,1386.23,26938.92,605.56,18.8
3/16/2020,24550.02,1245.55,28118.44,47.22,44.55
3/17/2020,21797.24,914.38,26722.72,25,43.3
3/18/2020,25688.91,1066.78,26611.59,130.56,30.35
3/19/2020,26750.02,1005.23,26523.45,269.44,39.82
3/20/2020,25313.91,899.73,26066.16,269.44,38.46
3/21/2020,17347.24,489.43,21624.22,1030.56,24.84
3/22/2020,18483.35,504.08,22556.06,697.22,24.18
3/23/2020,19088.9,1090.22,25156.24,19.44,21.7
3/24/2020,23419.46,3238.44,25445.85,25,19.27
3/25/2020,24586.13,3634.08,24948.96,27.78,23.34
3/26/2020,22391.68,4258.32,24998.51,25,19.93
3/27/2020,18827.79,3469.96,24803.22,13.89,29.76
3/28/2020,15569.46,879.21,22325.93,19.44,20.86
3/29/2020,13169.45,800.08,22054.59,11.11,20.66
3/30/2020,23030.57,2162.86,25317.05,38.89,22.37
3/31/2020,28166.69,2189.24,25350.17,91.67,26.27
4/1/2020,31969.47,2379.74,25858.87,75,21.65
4/2/2020,30302.8,2241.99,25455.37,77.78,16.96
4/3/2020,28919.47,2180.45,24990.1,88.89,19.98
4/4/2020,26277.8,1849.28,22208.55,50,20.84
4/5/2020,24522.24,2028.05,22399.8,61.11,19.53
4/6/2020,21975.02,2338.71,24616.69,27.78,19.72
4/7/2020,21547.24,1966.51,24771.06,19.44,19.87
4/8/2020,20947.24,2335.78,24121.81,16.67,20.84
4/9/2020,17316.68,2869.17,24482.33,22.22,19.08
4/10/2020,20333.35,2025.12,24761.51,30.56,20.41
4/11/2020,23050.02,1787.73,22746.18,47.22,20.28
4/12/2020,23830.57,1708.6,22710.08,69.44,20.03
4/13/2020,22505.57,1943.06,24691.37,55.56,20.43
4/14/2020,17658.35,1368.64,24685.15,33.33,12.7
4/15/2020,20297.24,1591.38,24930.11,44.44,18.38
4/16/2020,18252.79,1828.76,24575.16,36.11,22.15
4/17/2020,15433.35,1521.04,24641.89,16.67,17.28
4/18/2020,16030.57,1125.39,22502.51,33.33,19.86
4/19/2020,13738.9,2338.71,22158.33,25,20.54
4/20/2020,12588.9,5808.67,24854.7,11.11,19.09
4/21/2020,12766.68,7250.58,24834.12,11.11,20.61
4/22/2020,12825.01,2986.39,24887.93,11.11,18.84
4/23/2020,13666.68,2028.05,24305.71,13.89,20.57
4/24/2020,13097.23,2130.63,23406.15,36.11,20.38
4/25/2020,10883.34,1987.02,21231.07,5.56,16.75
4/26/2020,10988.9,1556.21,21258.57,5.56,11.59
4/27/2020,11888.9,2335.78,23400.18,2.78,14.99
4/28/2020,11572.23,2924.85,23533.42,2.78,18.36
4/29/2020,9016.67,4659.83,23479.28,2.78,12.67
4/30/2020,10516.68,3258.95,23626.1,2.78,16.38
5/1/2020,11716.68,1957.71,23437.32,2.78,19.4
5/2/2020,9611.12,2628.85,21214.24,2.78,18.04
5/3/2020,11305.56,1403.81,21429.38,4.17,17.11
5/4/2020,22850.02,1107.81,23639.79,5.56,16.44
5/5/2020,19925.02,2162.86,23492.81,2.78,16.79
5/6/2020,13175.01,1758.43,23204.1,2.78,16.08
5/7/2020,12069.45,1822.9,23393.4,2.78,17.64
5/8/2020,14213.9,879.21,23494.5,2.78,16.02
5/9/2020,14283.34,527.53,21680.94,5.56,16.95
5/10/2020,15211.12,533.39,21434.38,5.56,19.06
5/11/2020,15913.9,914.38,23406.48,2.78,19.21
5/12/2020,14605.57,899.73,23136.65,5.56,19.39
5/13/2020,13191.68,1720.33,22999.35,8.33,16.16
5/14/2020,12808.34,1699.81,23073.56,2.78,18.89
5/15/2020,11975.01,2485.24,23143.39,2.78,18.55
5/16/2020,10197.23,4149.89,21485.46,0,18.96
5/17/2020,8900.01,4683.28,21472.44,0,17.58
5/18/2020,9477.79,4340.38,22800.82,0,18.81
5/19/2020,11250.01,1310.03,23657.86,0,17.08
5/20/2020,12586.12,1011.1,23801.13,2.78,17.39
5/21/2020,13552.79,1154.7,24310.71,88.89,18.23
5/22/2020,14536.12,1040.4,23617.11,2.78,16.71
5/23/2020,12775.01,876.28,21539.63,2.78,16.68
5/24/2020,10230.56,3455.31,21309.34,2.78,15.64
5/25/2020,10322.23,4756.54,23487.71,0,17.26
5/26/2020,12006.96,4176.26,23436.15,0,16.54
5/27/2020,13691.68,3595.98,25007.98,0,15.81
5/28/2020,12352.79,6553.07,24756.69,0,16.79
5/29/2020,10925.01,4885.49,24569.65,0,16.79
5/30/2020,8661.12,4885.49,21525.89,0,17.77
5/31/2020,9356.96,3217.92,21389.99,0,15.13
6/1/2020,10052.79,3522.71,22021.86,0,16.22
6/2/2020,9755.57,5580.07,22550.7,0,17.07
6/3/2020,9458.34,4299.35,21980.01,0,17.07
6/4/2020,10358.34,2872.1,23943.44,0,17.92
6/5/2020,9754.18,3341.01,23886.97,0,16.14
6/6/2020,9150.01,2162.87,21772.17,0,19.05
6/7/2020,11438.9,984.72,22022.16,0,18.48
6/8/2020,10761.12,3302.91,24183.1,0,17.91
6/9/2020,10427.79,4044.38,23421.5,0,15.07
6/10/2020,8794.45,7320.92,22804.59,0,16.36
6/11/2020,7638.9,8683.7,23148.66,0,14.98
6/12/2020,7233.34,9929.25,24080.81,0,15.81
6/13/2020,7861.12,4193.85,22208.87,0,16.64
6/14/2020,8280.56,3765.96,22074.68,0,17.75
6/15/2020,8705.56,5840.91,24272.22,0,104.31
6/16/2020,9000.01,4706.72,24341.2,0,129.31
6/17/2020,10650.01,2450.07,24584.84,0,56.59
6/18/2020,9630.56,3469.96,24545.72,0,22.59
6/19/2020,9072.23,6529.62,24418.91,0,12.6
6/20/2020,7169.45,5729.54,21977.74,0,14.58
6/21/2020,7454.18,4929.46,21924.07,8.33,12.95
6/22/2020,7738.9,9923.39,24373.69,2.78,8.92
6/23/2020,6877.78,8157.64,24747.33,0,8.92
6/24/2020,7761.12,6391.88,24369.16,0,8.92
6/25/2020,8088.9,9167.26,24526.09,0,8.92
6/26/2020,3175,10430.4,24703.5,0,4.89
6/27/2020,688.89,2271.3,21977.52,0,0.54
6/28/2020,688.89,858.7,22049.92,0,1.62
6/29/2020,688.89,2453,20574.68,5.56,2.7
6/30/2020,688.89,1406.74,29626.8,2.78,4.47
7/1/2020,5.56,5166.84,24416.92,0,4.47
7/2/2020,319.45,6116.39,25142.1,5.56,7.41
7/3/2020,319.45,8739.38,24522.34,8.33,4.58
7/4/2020,319.45,5873.14,22466.57,2.78,4.58
7/5/2020,319.45,6938.45,22668.34,11.11,3.5
7/6/2020,633.33,8003.77,24782.03,16.67,12.16
7/7/2020,7636.12,3654.6,24616.33,8.33,15.18
7/8/2020,5991.67,3238.44,23848.74,0,11.04
7/9/2020,5602.78,7303.33,25012.61,0,9.91
7/10/2020,8408.34,9615.66,25355.4,0,11.07
7/11/2020,7738.9,10368.85,20923.95,0,6.76
7/12/2020,8247.23,9477.92,21800.47,0,4.57
7/13/2020,5525,6529.62,23086.46,0,8.79
7/14/2020,6650.01,9325.52,22618.67,0,8.79
7/15/2020,7230.56,11318.4,22731.68,0,8.79
7/16/2020,7550.01,13557.47,22791.55,0,5.25
7/17/2020,8155.56,9724.1,22659.2,0,5.25
7/18/2020,7419.45,10061.13,21709.72,0,5.25
7/19/2020,7941.67,8759.89,21697.81,0,3.3
7/20/2020,7286.12,10418.68,22853.33,0,7.27
7/21/2020,6888.89,13592.64,23515.83,11.11,23.29
7/22/2020,6386.12,17100.7,24201.91,0,13.33
7/23/2020,7475.01,16077.88,25563.45,0,4.78
7/24/2020,9969.45,5817.46,25323.27,0,4.78
7/25/2020,9383.34,8440.45,23406.27,0,6.09
7/26/2020,8488.9,10996.03,23236.85,0,6.09
7/27/2020,7386.12,15248.49,25110.99,0,6.09
7/28/2020,6030.56,19694.38,25057.17,5.56,8.08
7/29/2020,5527.78,22950.4,25698.05,0,11.65
7/30/2020,5337.51,24705.89,25587.73,2.78,14.02
7/31/2020,5147.23,21156.8,24555.92,0,14.02
8/1/2020,5580.56,16479.39,22951.95,0,8.07
8/2/2020,5801.4,15060.93,22941.12,0,0
8/3/2020,6022.23,13642.46,23783.89,0,9.55
8/4/2020,7230.56,11719.91,24144.23,0,9.55
8/5/2020,6588.89,16848.66,24684.36,0,12.03
8/6/2020,6141.67,17443.59,25105.64,0,34.41
8/7/2020,8950.01,8071.18,24907.85,0,8.31
8/8/2020,8561.12,8507.85,23369.35,0,9.58
8/9/2020,9675.01,10656.07,23065.12,0,8.53
8/10/2020,7463.89,12804.28,24716.72,0,10.17
8/11/2020,7827.78,10635.55,25321.58,0,10.17
8/12/2020,8850.01,7757.59,24080.91,0,7.36
8/13/2020,9250.01,8648.53,24106.08,0,10.95
8/14/2020,8265.29,9976.14,24562.08,0,13.17
8/15/2020,7280.56,13191.13,23690.43,0,11.13
8/16/2020,6659.73,16239.07,23699.88,0,11.13
8/17/2020,6038.89,19961.07,25439.6,0,12.56
8/18/2020,5719.45,22091.7,25628.16,0,12.56
8/19/2020,6188.89,16895.55,25720.16,0,12.56
8/20/2020,6743.06,15861.01,25841.22,0,12.56
8/21/2020,7297.23,14178.78,25581.86,0,12.56
8/22/2020,5925,14556.84,23905.24,0,12.56
8/23/2020,7794.45,10187.15,24000.93,0,12.56
8/24/2020,6955.56,12678.25,25634.17,0,12.56
8/25/2020,7266.67,10134.4,25665.17,0,7.7
8/26/2020,8311.12,11166.01,25659.34,0,6.67
8/27/2020,7897.23,8056.52,25723.93,0,6.67
8/28/2020,7483.34,11201.18,25064.98,0,6.67
8/29/2020,9313.9,2397.32,22525.41,0,6.67
8/30/2020,8180.56,3182.75,21537.18,0,6.67
8/31/2020,8922.23,5961.07,24697.39,0,7.91
9/1/2020,7102.78,12241.58,25900.55,0,10.47
9/2/2020,9808.34,6362.57,25920.57,0,9.1
9/3/2020,10608.34,9694.79,25825.84,0,9.1
9/4/2020,8738.9,12763.25,25704.22,0,12.71
9/5/2020,7691.67,14735.61,24080.47,0,12.71
9/6/2020,11719.45,4337.45,24244.54,0,8.83
9/7/2020,17741.68,1907.89,24612.1,0,8.83
9/8/2020,14158.34,5524.39,25846.16,0,13.7
9/9/2020,10658.34,8956.25,25644.06,0,15.95
9/10/2020,9497.23,11338.92,25702.21,0,25.78
9/11/2020,8394.45,13097.35,24957.23,0,13.21
9/12/2020,9127.79,6040.19,20914.1,0,13.21
9/13/2020,11372.23,3631.15,21617.76,0,13.21
9/14/2020,14886.12,2622.99,25945.91,0,13.21
9/15/2020,14058.34,4338.92,26157.36,0,15.86
9/16/2020,10388.9,6054.85,25407.45,0,13.17
9/17/2020,9844.45,7977.39,26188.11,0,11.5
9/18/2020,8619.45,7288.68,25970.1,0,13.97
9/19/2020,7394.45,8947.46,24628.31,0,11.86
9/20/2020,9156.95,8041.87,24393.77,0,0.3
9/21/2020,10919.45,7136.28,25968.59,0,12.1
9/22/2020,11350.01,4135.23,25960.72,0,12.1
9/23/2020,10272.23,7549.51,26036.44,75,17.68
9/24/2020,9194.45,7980.33,25858.46,52.78,13.55
9/25/2020,11141.68,4185.05,25940.1,0,8.21
9/26/2020,12108.34,3886.12,24071.29,0,11.11
9/27/2020,10829.18,4378.48,24189.37,0,12.33
9/28/2020,9550.01,9161.4,26472.21,0,11.01
9/29/2020,8977.78,6884.24,26494.37,0,11.01
9/30/2020,12952.79,3522.71,26144.16,0,14.3
10/1/2020,12316.68,7860.17,26262.27,0,12.68
10/2/2020,10325.01,7449.87,25899.86,5.56,14.38
10/3/2020,10688.9,8208.92,24290.44,0,16.07
10/4/2020,8252.78,0,24458.24,2.78,16.07
10/5/2020,10875.01,8695.42,25963.1,0,11.53
10/6/2020,9211.12,6380.16,26344.79,0,13.43
10/7/2020,12494.45,2907.27,25679.91,0,11.67
10/8/2020,13172.23,0,26055.74,363.89,11.67
10/9/2020,15958.35,2406.11,26070.5,794.45,14.83
10/10/2020,8827.78,6432.91,25212.99,0,16.31
10/11/2020,13536.12,2754.87,25101.72,0,16.31
10/12/2020,20530.57,1966.51,26078.39,5.56,18.71
10/13/2020,18719.46,0,27261.88,0,6.66
10/14/2020,17308.35,1617.75,26876.99,0,2.79
10/15/2020,18413.9,2025.12,26938.79,0,2.79
10/16/2020,19794.46,0,26940.36,0,2.79
10/17/2020,24802.8,0,24521.09,0,2.79
10/18/2020,26986.13,0,24471.75,5.56,4.12
10/19/2020,22425.02,0,25803.78,0,1.32
10/20/2020,18941.68,0,26376.04,0,6.54
10/21/2020,24925.02,0,26878.16,780.56,12.12
10/22/2020,29763.91,0,26830.97,811.11,10.47
10/23/2020,30893.08,1685.16,26552.83,11.11,15.07
10/24/2020,32022.25,1104.88,25069.7,8.33,20.06
10/25/2020,29441.69,0,25233.87,13.89,20.06
10/26/2020,18958.35,0,26444.81,2.78,15.17
10/27/2020,13797.23,1456.56,26134.67,0,17.52
10/28/2020,18255.57,0,26606.91,0,6.74
10/29/2020,16781.96,0,26590.59,0,1.74
10/30/2020,15308.35,0,26270.42,0,3.54
10/31/2020,17702.79,0,24563.29,0,3.54
11/1/2020,13483.34,2942.43,25344.97,0,3.54
11/2/2020,8913.9,6922.34,26363.65,0,12.71
11/3/2020,4461.11,3880.26,26541.53,44.44,35.45
11/4/2020,9422.23,2880.89,26128.52,2.78,12.07
11/5/2020,14980.57,2535.06,26694.21,8.33,13.97
11/6/2020,19966.68,0,26844.43,2.78,15.39
11/7/2020,22933.35,0,24597.59,0,19.23
11/8/2020,28155.58,0,25120.64,8.33,19.23
11/9/2020,24841.69,1277.79,26710.71,97.22,11.77
11/10/2020,22300.02,0,26812.25,5.56,11.77
11/11/2020,29525.02,1655.85,25931.19,0,17.48
11/12/2020,25291.69,0,26488.66,0,17.48
11/13/2020,21761.13,0,26495.93,0,17.48
11/14/2020,22172.24,0,24828.29,2.78,21.28
11/15/2020,21056.96,0,24644.89,0,21.28
11/16/2020,19941.68,1339.33,26602.99,0,18.65
11/17/2020,19375.02,0,26514.42,0,18.65
11/18/2020,22600.02,0,26780.59,0,17.08
11/19/2020,29336.13,0,27251.11,0,14.57
11/20/2020,24166.69,0,26478.08,5.56,14.57
11/21/2020,20172.24,0,24331.79,2.78,14.57
11/22/2020,21988.91,0,24449.44,0,17.04
11/23/2020,21177.79,1708.6,26354.45,0,17.04
11/24/2020,20497.24,0,26256.15,0,17.04
11/25/2020,20163.91,1400.88,26585.5,0,17.04
11/26/2020,19194.46,0,26539.57,5.56,19.22
11/27/2020,14602.79,958.34,25965.36,222.22,13.79
11/28/2020,20391.68,1324.68,24674.57,2.78,13.79
11/29/2020,20675.02,0,24624.93,875,17.54
11/30/2020,17133.35,0,26383.69,763.89,13.64
12/1/2020,20219.46,0,26283.99,2.78,13.64
12/2/2020,18605.57,0,26189.95,0,13.64
12/3/2020,15147.23,1720.33,26263.44,0,15.99
12/4/2020,14627.79,1131.25,26094.99,0,13.89
12/5/2020,15472.23,0,24419.17,0,16.31
12/6/2020,14600.01,0,24434.8,0,12.93
12/7/2020,13391.68,1995.81,26080.89,0,11.83
12/8/2020,14272.23,0,26476.07,219.44,11.83
12/9/2020,20722.24,1688.09,26534.87,0,14.15
12/10/2020,24502.8,0,26752.24,0,12.63
12/11/2020,27741.69,0,26766.04,11.11,14.83
12/12/2020,29005.58,0,24945.62,22.22,11.33
12/13/2020,35625.03,0,25052.57,36.11,8.85
12/14/2020,25469.46,0,26755.44,25,8.85
12/15/2020,20725.02,1286.58,26379.05,5.56,8.85
12/16/2020,18175.01,0,26156,0,8.5
12/17/2020,21152.79,1693.95,26215.43,5.56,10.05
12/18/2020,22316.68,0,26007.44,0,10.05
12/19/2020,17341.68,0,24247.82,0,11.13
12/20/2020,17813.9,0,24422.76,0,12.13
12/21/2020,20772.24,0,26162.62,0,15.9
12/22/2020,24133.35,1166.42,25164.03,11.11,20.61
12/23/2020,25130.58,0,24639.05,25,20.61
12/24/2020,17091.68,794.22,23397.11,5.56,22.11
12/25/2020,19413.9,0,23286.26,0,19.89
12/26/2020,20811.13,0,21574.4,0,21.95
12/27/2020,22208.35,0,21746.34,16.67,21.95
12/28/2020,21758.35,0,23430.76,11.11,21.95
12/29/2020,24519.46,0,23325.65,25,20.02
12/30/2020,19572.24,0,23520.09,8.33,21.91
12/31/2020,19572.24,0,23374.75,16.67,21.91
1/1/2021,17444.46,0,23229.31,2.78,21.91
1/2/2021,13397.23,0,21179.24,0,23.24
1/3/2021,14866.68,0,21438.64,5.56,21.78
1/4/2021,18525.01,0,25333.06,0,21.78
1/5/2021,18963.9,1184.01,26831.7,0,19.1
1/6/2021,19402.79,0,26432,5.56,19.1
1/7/2021,21963.91,0,27295.66,0,19.1
1/8/2021,25391.69,0,27152.45,0,16.98
1/9/2021,22634.74,0,26107.38,0,13.37
1/10/2021,19877.79,0,26276.98,0,15.9
1/11/2021,16652.79,0,27149.41,0,11.35
1/12/2021,17266.68,0,27465.05,0,13.89
1/13/2021,18133.35,1494.66,27239.11,5.56,13.89
1/14/2021,22666.68,0,25772.01,0,13.89
1/15/2021,19736.13,0,23884.32,0,18.36
1/16/2021,19341.68,1072.64,22645.43,0,16.93
1/17/2021,18544.46,0,22759.53,2.78,19.36
1/18/2021,12452.79,0,24525.79,5.56,8.51
1/19/2021,21363.91,0,25114.37,13.89,18.9
1/20/2021,23530.57,1397.95,26141.31,8.33,20
1/21/2021,25697.24,0,27560.84,16.67,22.49
1/22/2021,27244.47,0,27281.89,0,19.94
1/23/2021,29613.91,0,25847.83,19.44,17.14
1/24/2021,33341.69,0,25998.57,33.33,17.14
1/25/2021,34108.36,0,27556.03,66.67,17.14
1/26/2021,34938.92,0,27515.85,83.33,17.14
1/27/2021,34588.92,1693.95,27368.87,58.33,19.19
1/28/2021,36183.36,0,27813.83,69.44,15.91
1/29/2021,32869.47,0,27622.52,27.78,19.12
1/30/2021,84725.07,0,26002.43,19.44,19.12
1/31/2021,75888.95,1189.87,25797.41,13.89,16.95
2/1/2021,39191.7,0,26379.15,8.33,0
2/2/2021,32394.47,1588.45,27471.73,30.56,15.53
2/3/2021,35163.92,2335.78,27226.94,50,17.41
2/4/2021,29661.13,1708.6,27515.67,41.67,15.5
2/5/2021,38322.25,0,27738.06,69.44,16.67
2/6/2021,44783.37,0,26535.74,105.56,17.77
2/7/2021,48722.26,0,26705.76,152.78,20.44
2/8/2021,65547.27,0,28366.28,127.78,15.49
2/9/2021,50583.37,0,28531.64,144.44,18.11
2/10/2021,52469.49,0,28561.57,141.67,13.1
2/11/2021,51855.6,0,28612.16,144.44,16.56
2/12/2021,44830.59,0,28149.6,166.67,22.92
2/13/2021,45386.15,0,26807.32,141.67,33.26
2/14/2021,48058.37,0,26837.03,188.89,35.74
2/15/2021,42772.26,1362.78,27185.91,163.89,22.06
2/16/2021,37486.14,0,28307.66,75,14.12
2/17/2021,32302.8,0,29727.77,50,16.99
2/18/2021,31108.36,0,30052.51,80.56,15.58
2/19/2021,22916.69,0,29104.35,19.44,18.35
2/20/2021,20987.52,0,26993.48,0,21.61
2/21/2021,19058.35,937.83,26696.31,11.11,20.12
2/22/2021,19686.13,0,27806.89,5.56,18.62
2/23/2021,24119.46,1685.16,27843.31,0,15.98
2/24/2021,26358.35,0,27530.08,13.89,21.01
2/25/2021,21541.68,1292.44,27700.92,11.11,0
2/26/2021,26181.97,0,27782.03,16.67,15.16
2/27/2021,30822.25,0,26417.13,36.11,22.3
2/28/2021,21061.13,0,25982.63,8.33,19.95
3/1/2021,17236.12,0,26818.22,2.78,14.26
3/2/2021,19613.9,0,27965.52,0,18.35
3/3/2021,19133.35,0,26857.77,0,16.75
3/4/2021,18400.01,0,27182.69,0,17.89
3/5/2021,17666.68,1685.16,27803.85,0,20.76
3/6/2021,19200.02,0,26573.55,0,19.84
3/7/2021,20641.68,0,26484.33,0,19.84
3/8/2021,20975.02,0,27770.94,5.56,18.91
3/9/2021,23433.35,1207.45,28150.88,0,20.9
3/10/2021,25891.69,1523.97,27970.6,0,19.55
3/11/2021,21448.63,0,27446.07,8.33,21.2
3/12/2021,17005.57,0,27316.48,2.78,19.39
3/13/2021,16023.62,0,25891.27,0,22.12
3/14/2021,15041.68,3226.71,24731.5,0,22.12
3/15/2021,19300.02,2491.1,27484.26,0,24.85
3/16/2021,20597.24,0,27382.63,0,45.32
3/17/2021,19138.9,0,27727.69,0,47.17
3/18/2021,15825.01,3147.58,27636.86,0,31.97
3/19/2021,47847.26,2822.27,27255.22,0,24.78
3/20/2021,18311.13,1960.65,26061.52,0,48.97
3/21/2021,20702.79,0,26098.01,0,27.31
3/22/2021,20002.79,2332.85,27627.75,0,18.45
3/23/2021,89275.07,0,27548.98,0,16.12
3/24/2021,102952.86,0,27331.55,0,13.79
3/25/2021,24172.24,2713.84,27796.95,263.89,16.05
3/26/2021,21225.02,2069.08,27552.05,166.67,0
3/27/2021,17425.01,1682.23,25674.84,2.78,25.59
3/28/2021,14966.68,0,25588.92,0,24.58
3/29/2021,23833.35,2127.7,27441.7,11.11,14.09
3/30/2021,23177.8,0,27312.72,5.56,16.94
3/31/2021,17158.35,1617.75,27020.18,0,14.58
4/1/2021,14669.46,2746.08,26187.6,0,12.76
4/2/2021,16230.57,1852.21,25201.41,0,22.21
4/3/2021,15225.01,2397.32,24943.59,0,22.21
4/4/2021,18041.68,2113.04,25316.68,0,22.1
4/5/2021,16598.62,2113.04,25395.32,0,20.57
4/6/2021,15155.57,2113.04,26449.81,0,20.57
4/7/2021,17023.62,2113.04,26695.78,0,14.47
4/8/2021,18891.68,1828.76,26831.08,0,17.49
4/9/2021,19144.46,2142.35,26651.69,0,20.19
4/10/2021,19397.24,2142.35,25728.48,0,22.68
4/11/2021,21158.35,2142.35,25646.8,0,22.68
4/12/2021,21533.35,2142.35,26811.11,0,19.7
4/13/2021,19637.52,2455.94,26789.8,86.11,17.22
4/14/2021,17741.68,3003.98,26267.81,0,13.16
4/15/2021,15594.46,3003.98,26310.14,0,7.31
4/16/2021,13355.57,3552.02,25395.64,0,5.04
4/17/2021,11041.68,3226.71,23668.88,0,13.44
4/18/2021,17955.57,882.14,24058.46,0,16.88
4/19/2021,18544.46,1635.34,25967.66,0,16.88
4/20/2021,16197.24,1312.96,25457.07,0,17.96
4/21/2021,12797.23,3739.59,25426.34,0,14.77
4/22/2021,20144.46,2145.28,26131.55,0,13.46
4/23/2021,20883.35,1529.83,25715.71,0,17.01
4/24/2021,18555.57,914.38,23588.65,2.78,19.33
4/25/2021,17733.35,1301.24,23391.89,0,19.33
4/26/2021,15466.68,1688.09,25335.96,0,17.68
4/27/2021,14197.23,2463.26,25288.87,0,18.76
4/28/2021,12961.12,3238.44,25318.12,0,16.64
4/29/2021,10397.23,4522.09,25269.79,0,16.64
4/30/2021,8838.9,6090.02,25054.09,0,16.64
5/1/2021,13866.68,1134.19,22189.92,0,17.97
5/2/2021,15494.46,1548.88,21760.78,0,11.89
5/3/2021,15033.35,1963.58,23205.36,0,16.65
5/4/2021,14505.57,1597.24,23069.39,36.11,14.78
5/5/2021,13166.68,2004.61,24540.88,0,14.78
5/6/2021,11113.9,4601.22,25267.25,0,15.96
5/7/2021,12150.01,2681.6,25334.18,0,15.96
5/8/2021,17502.79,1204.52,24170.32,0,19.67
5/9/2021,18311.13,1875.65,24127.48,0,19.67
5/10/2021,15275.01,2546.79,25917.74,200,17.52
5/11/2021,14911.12,2951.23,26452.95,188.89,16.14
5/12/2021,14038.9,5515.6,26447.53,0,6.78
5/13/2021,12536.12,4363.83,26376.38,0,0.82
5/14/2021,11815.29,7534.86,26373.97,0,9.34
5/15/2021,11094.45,9155.54,24953.37,0,19.52
5/16/2021,9700.01,10286.79,25023.6,0,19.52
5/17/2021,9394.45,11837.14,26502.96,77.78,15.31
5/18/2021,13325.01,4299.35,26378.74,211.11,15.31
5/19/2021,17827.79,2414.91,26998.24,2.78,13.61
5/20/2021,21250.02,2247.86,27126.11,0,11.7
5/21/2021,17541.68,2247.86,26362.85,0,17.91
5/22/2021,15866.68,2247.86,25396.97,0,16.79
5/23/2021,17152.79,2247.86,25533.6,0,15.01
5/24/2021,16647.24,2080.8,26319.55,238.89,17.08
5/25/2021,15300.01,2584.89,26912.64,5.56,13.04
5/26/2021,13169.45,5210.8,26678.35,2.78,13.04
5/27/2021,11711.12,8871.26,26853.88,0,15.1
5/28/2021,13086.12,4709.65,26542.8,8.33,15.1
5/29/2021,12602.79,6837.35,25120.85,5.56,17.81
5/30/2021,11088.9,9348.97,25112.99,0,17.81
5/31/2021,9419.45,13777.27,26861.85,0,15.87
6/1/2021,8580.56,16781.25,26300.49,0,14.38
6/2/2021,8241.67,18911.88,26469.21,0,8.68
6/3/2021,10005.56,18038.52,26701.65,0,11.11
6/4/2021,10005.56,17165.17,26319.82,0,15.99
6/5/2021,11769.45,5386.65,24989.09,0,14.7
6/6/2021,14458.34,3171.03,24560.24,0,10.35
6/7/2021,15822.23,4838.6,26135.48,2.78,15.26
6/8/2021,14811.12,4400.46,26347.72,0,13.89
6/9/2021,13341.68,3962.32,25518.13,0,13.89
6/10/2021,14077.79,2505.76,26481.81,13.89,15.73
6/11/2021,12830.57,6676.16,26212.53,16.67,15.73
6/12/2021,11783.34,8276.33,24726.24,2.78,18.74
6/13/2021,10577.79,12739.8,24882.01,0,17.15
6/14/2021,7827.78,19357.34,26684.94,0,17.15
6/15/2021,8386.12,15819.98,26769.65,0,15.98
6/16/2021,10105.56,9832.53,26469.05,0,15.98
6/17/2021,10547.23,11834.21,26199.4,0,15.98
6/18/2021,11147.23,12845.3,26730.16,0,14.88
6/19/2021,11577.79,5386.65,25463.02,5.56,19.84
6/20/2021,10752.79,9137.96,24775.5,0,19.84
6/21/2021,10272.23,15260.21,26580.69,0,17.7
6/22/2021,8533.34,16274.24,25959.14,0,17.7
6/23/2021,9484.73,15184.01,26407.21,0,15.4
6/24/2021,10436.12,8994.35,27056.53,0,18.33
6/25/2021,8163.9,13519.37,26398.93,0,16.1
6/26/2021,5969.45,14054.22,23191.97,0,19.64
6/27/2021,5569.45,14589.08,23412.1,0,19.64
6/28/2021,5427.78,20092.95,25716.51,0,15.34
6/29/2021,5286.12,21795.7,26196.78,0,12.81
6/30/2021,5286.12,21795.7,26125.39,0,12.81
7/1/2021,5286.12,21221.28,25236.33,0,12.81
7/2/2021,5702.78,18507.44,25858.84,0,12.81
7/3/2021,6184.73,10975.51,23833.05,0,14.63
7/4/2021,6666.67,6356.71,23898.32,0,14.63
7/5/2021,7800.01,6931.13,26057.88,0,9.88
7/6/2021,6875.01,10465.57,25937.9,0,12.79
7/7/2021,6622.23,11907.48,25181.7,0,12.79
7/8/2021,6622.23,12742.73,25253.22,0,20.32
7/9/2021,6369.45,13577.98,24853.66,0,23.68
7/10/2021,5488.89,12628.43,22889.88,0,14.93
7/11/2021,5983.34,8258.74,22729.45,0,9.35
7/12/2021,6580.56,12089.18,24982.18,0,10.76
7/13/2021,6352.78,13786.06,24832.35,0,10.76
7/14/2021,6125,15734.99,25050.62,0,24.8
7/15/2021,6281.95,15173.75,25088.15,0,13.5
7/16/2021,6281.95,14612.52,24492.41,0,11.22
7/17/2021,6438.89,8361.32,21998.34,0,14.44
7/18/2021,6608.34,6145.7,22093.63,0,14.44
7/19/2021,6777.78,11198.25,25464.65,0,14.44
7/20/2021,6625.01,12733.94,26030.96,0,14.44
7/21/2021,6472.23,11154.28,25970.22,55.56,15.65
7/22/2021,7641.67,9574.63,25429.35,313.89,15.65
7/23/2021,7176.39,11127.91,25702.48,2.78,15.65
7/24/2021,6711.12,9354.83,23189.95,0,18.46
7/25/2021,6080.56,9677.21,22901.22,0,18.46
7/26/2021,7005.56,11623.2,25573.73,0,20.22
7/27/2021,6823.62,12665.07,25902.54,0,18.05
7/28/2021,6641.67,13706.93,25875.9,0,19.62
7/29/2021,6272.23,15324.69,26097.64,0,26
7/30/2021,6043.06,14820.6,26165.92,0,21.71
7/31/2021,5813.89,12197.62,23256.07,0,27.71
8/1/2021,6016.67,13932.6,22338.24,0,19.22
8/2/2021,6016.67,18437.1,23716.86,0,29.21
8/3/2021,6219.45,16965.88,25345.27,0,14.55
8/4/2021,6619.45,13701.07,25992.1,0,16.71
8/5/2021,6379.17,14090.86,26034.98,19.44,16.71
8/6/2021,6379.17,12980.12,25723.78,0,16.71
8/7/2021,6138.89,9082.27,23189.94,0,16.71
8/8/2021,7741.67,3279.47,23346.29,0,13.76
8/9/2021,8058.34,10058.2,25596.38,0,17.74
8/10/2021,6972.23,9671.35,25556.28,0,22.19
8/11/2021,7220.84,10579.87,24265.65,0,22.19
8/12/2021,7220.84,12177.1,24364.48,0,12.56
8/13/2021,7469.45,13630.74,24474.35,0,16.97
8/14/2021,5750,13403.61,21947.85,0,15.84
8/15/2021,5472.23,13176.48,22048.74,0,13.55
8/16/2021,7369.45,10108.02,24745.56,0,29.69
8/17/2021,11397.23,2312.33,24883.05,0,21.18
8/18/2021,9558.34,5873.14,24646.15,0,26.33
8/19/2021,9359.73,3194.47,25180.22,0,18.85
8/20/2021,9161.12,5034.96,24787.18,0,16.45
8/21/2021,8822.23,2373.88,21911.43,0,14.21
8/22/2021,10338.9,3264.81,21525.49,0,14.21
8/23/2021,11855.57,1737.91,24745.4,0,12
8/24/2021,10169.45,3918.36,24760.22,0,10.91
8/25/2021,9663.9,6391.88,24736.96,0,15.78
8/26/2021,8872.23,7675.53,25059.81,0,19.57
8/27/2021,8291.67,6547.21,24610.21,0,14.65
8/28/2021,7731.95,5345.62,21103.19,0,19.7
8/29/2021,7172.23,6711.33,21034.41,0,43.44
8/30/2021,7916.67,9574.63,24803.74,0,44.89
8/31/2021,9958.34,5137.54,25516.72,0,54.1
9/1/2021,11347.23,3575.47,26307.58,0,40.36
9/2/2021,10391.67,5250.37,26152.56,0,37.24
9/3/2021,9441.67,6925.27,25992.86,0,29.97
9/4/2021,8197.23,6201.38,22827.09,0,18.82
9/5/2021,5769.45,9299.15,22776.53,0,22.94
9/6/2021,7913.9,8651.46,24591.63,0,32.88
9/7/2021,8497.23,7959.81,26378.81,0,53.15
9/8/2021,8205.56,7268.16,26666.08,5.56,50.39
9/9/2021,8645.84,9542.39,25841.84,0,46.14
9/10/2021,8645.84,6995.61,25986.63,0,39.72
9/11/2021,9086.12,2743.15,22966.97,2.78,39.72
9/12/2021,9323.62,4101.53,22732.69,0,36.87
9/13/2021,9561.12,5459.91,26404.69,0,55.57
9/14/2021,11043.06,6210.18,26432.51,0,64.19
9/15/2021,12525.01,1705.67,26100.57,0,45.73
9/16/2021,11993.07,2124.77,26126.66,0,41.21
9/17/2021,11461.12,4176.26,25834.85,0,45.45
9/18/2021,7108.34,5975.72,22739.02,0,56.07
9/19/2021,9880.56,2206.83,22454.64,0,39.81
9/20/2021,11305.56,3203.27,26622.98,0,69.48
9/21/2021,8613.9,7364.88,26852.93,0,74.13
9/22/2021,7802.78,5250.37,27094.22,0,72.91
9/23/2021,11027.79,3135.86,26678.95,13.89,75
9/24/2021,9877.79,8405.28,26596.12,2.78,81.95
9/25/2021,6952.78,5122.88,22994.98,58.33,67.4
9/26/2021,7513.89,5964,23066.59,5.56,69.77
9/27/2021,8047.23,9014.87,26613.71,0,79.42
9/28/2021,10313.9,4381.41,26366.73,0,65.48
9/29/2021,11747.23,3707.35,26423.64,33.33,49.38
9/30/2021,9341.67,6031.4,25053.89,5.56,33.3
